{"x": -0.32231500000000024, "y": 0.0013999999999999996, "z": -0.8806175}