{
    "offset_x": -125.78193510669396,
    "offset_y": 47.61034785150541,
    "offset_z": -71.73341128325052,
    "scale_x": 0.7285869602147249,
    "scale_y": 1.1489458597872968,
    "scale_z": 1.3207994579945799
}