{
    "offset_x": 38.20520315697164,
    "offset_y": -17.969891844489915,
    "offset_z": -137.02864659456299,
    "scale_x": 0.9358393317337599,
    "scale_y": 1.029272345208425,
    "scale_z": 1.0417965078894
}